timestamp,uv,accelX,accelY,accelZ,r,g,b,c,colorTemp,lux,target,code
1716401757,6,3349,326,10193,2601,3027,3487,7506,7079,1381,,
1716401759,2,-1085,-3574,9468,2325,2692,3088,6790,6943,1233,,
1716401761,6,-2964,-619,6480,2325,2654,3078,6501,7055,1181,,
1716401763,4,-2377,1907,6300,2580,2899,3381,7084,7004,1263,,
1716401765,3,-1557,1417,10635,3082,3508,4056,8584,7010,1567,,
1716401767,1,1405,989,10319,3005,3458,4003,8493,7084,1552,,
1716401769,3,-372,-1951,5798,2948,3448,3985,8550,7144,1568,,
1716401771,7,-1263,-612,9471,2902,3382,3912,8424,7109,1532,,
1716401773,20,974,-1044,8885,3238,3776,4380,9364,7158,1702,,
1716401775,2,747,1876,5714,3025,3603,4204,9031,7314,1627,,
1716401777,5,5,2484,5549,2925,3413,3953,8484,7138,1544,,
1716401779,5,-93,-228,8399,2813,3270,3765,8098,7072,1492,,
1716401781,1,238,-1289,10153,3100,3658,4242,9106,7221,1662,,
1716401783,2,2072,-1199,11540,3018,3601,4178,9048,7262,1645,,
1716401784,2,1584,2021,10082,2830,3389,3937,8571,7270,1548,,
1716401786,1,2586,1286,8775,2431,2928,3426,7468,7339,1324,,
1716401788,1,4603,5144,12388,2124,2588,3061,6635,7496,1154,,
1716401790,2,4293,5262,10788,2266,2745,3258,6910,7582,1212,,
1716401792,3,2807,154,8183,2150,2548,2981,6403,7294,1141,,
1716401794,3,3347,378,10349,1803,2159,2527,5470,7332,972,,
1716401796,1,-1124,-2814,3532,1582,1951,2307,4934,7647,877,,
1716401798,2,107,-594,3754,1040,1242,1459,3083,7446,554,,
1716401800,2,-581,-94,4728,1085,1274,1489,3207,7213,568,,
1716401802,0,-194,-2507,7873,910,1080,1268,2648,7455,481,,
1716401804,0,596,-400,11550,1205,1467,1743,3676,7652,648,,
1716401806,4,-805,-1151,6745,1615,1967,2344,5041,7568,864,,
1716401808,1,504,1404,10069,1607,1959,2351,5036,7629,849,,
1716401818,1,-786,557,8136,1585,1957,2350,5022,7735,854,,
1716401820,3,976,2287,8370,1532,1905,2292,4896,7795,831,,
1716401822,2,1341,-730,5326,1578,1898,2281,4763,7678,813,,
1716401824,1,-1869,991,7424,2083,2488,2974,6239,7574,1074,,
1716401826,3,1484,-78,8683,2471,2818,3286,6830,7142,1240,,
1716401828,0,1486,-693,6288,2996,3466,4036,8530,7170,1543,,
1716401830,3,-1009,1692,3122,3137,3702,4373,9276,7372,1624,,
1716401832,10,-737,2327,4545,3051,3624,4251,9140,7319,1618,,
1716401834,2,-840,7509,8812,2972,3491,4093,8743,7268,1549,,
1716401836,2,1061,4159,14289,3153,3696,4335,9230,7270,1637,,
1716401838,3,2098,5199,10418,3118,3738,4433,9414,7498,1643,,
1716401840,2,4479,3431,16506,2982,3498,4120,8743,7311,1537,,
1716401841,2,4901,-192,14813,2734,3191,3726,7888,7240,1421,,
1716401843,3,1188,715,12408,2865,3383,3955,8445,7292,1514,,
1716401845,2,2484,3020,11328,2464,2880,3371,7124,7271,1278,,
1716401847,6,3786,1867,11285,2732,3206,3762,7956,7310,1419,,
1716401849,3,2816,562,11964,2630,3078,3595,7621,7256,1373,,
1716401851,3,1481,2852,10915,2598,3117,3692,7868,7479,1374,,
1716401853,1,519,-4209,6067,2738,3231,3746,8059,7211,1469,,
1716401855,0,266,-750,10487,3717,4288,5011,10472,7217,1893,,
1716401857,3,468,2969,9245,3720,4408,5229,11048,7441,1922,,
1716401859,3,848,-138,5884,3865,4544,5383,11372,7379,1977,,
1716401861,1,-338,1180,2661,3878,4621,5492,11623,7483,2014,,
1716401863,3,1555,10,5663,3937,4647,5522,11648,7431,2014,,
1716401865,3,494,1674,6722,3854,4553,5361,11393,7353,2011,,
1716401867,3,4323,2883,12307,4104,4787,5667,11909,7343,2075,,
1716401869,2,2916,2715,10732,4089,4760,5640,11849,7335,2057,,
1716401871,3,1363,2072,11296,3380,3996,4750,10079,7415,1733,,
1716401873,0,-4052,3315,10385,3880,4569,5274,11474,7128,2091,,
1716401875,3,-4095,4558,9443,4077,4755,5443,11857,7015,2197,,
1716401877,2,-3446,4737,1921,4149,4809,5475,11963,6934,2236,,
1716401879,6,-1493,1593,3875,4204,4889,5595,12146,7007,2256,,
1716401881,2,-1252,382,7493,4340,5041,5796,12501,7048,2305,,
1716401883,2,-275,-8,10110,4362,5055,5764,12522,6962,2343,,
1716401885,3,1181,3077,10462,4447,5133,5837,12678,6921,2385,,
1716401887,2,-54,2498,8966,4494,5158,5857,12714,6877,2395,,
1716401889,1,-1404,3435,9971,4562,5219,5907,12865,6827,2433,,
1716401891,4,-2340,2343,7463,4645,5328,6080,13117,6921,2451,,
1716401893,3,-1941,435,5390,4589,5287,6045,13040,6962,2430,,
1716401895,9,1544,6101,6000,4499,5243,6030,12967,7084,2401,,
1716401897,2,-1173,4917,7585,4822,5482,6293,13412,6936,2481,,
1716401898,5,1359,8819,7899,4357,5149,5937,12722,7209,2367,,
1716401900,4,1443,3920,5969,3796,4563,5445,11508,7573,1984,,
1716401902,4,-649,3498,10672,3646,4475,5335,11322,7696,1974,,
1716401904,4,-1277,-636,4656,3720,4572,5431,11652,7628,2033,,
1716401906,2,-31,1348,6277,4233,5091,5927,12723,7374,2323,,
1716401908,4,4330,8408,9769,4989,5705,6399,13873,6790,2701,,
1716401910,5,-1450,6009,4440,4783,5562,6269,13529,6947,2637,,
1716401912,2,685,763,6381,4828,5598,6413,13698,7054,2574,,
1716401914,5,360,2500,11511,5276,5942,6744,14358,6810,2729,,
1716401916,2,259,2903,8417,5026,5742,6523,13934,6904,2657,,
1716401918,3,693,486,6658,4895,5624,6432,13691,6994,2579,,
1716401920,6,5449,10024,10582,4970,5656,6502,13754,6978,2554,,
1716401922,4,2160,6650,10727,4495,5294,6100,13040,7192,2431,,
1716401924,2,-401,5182,6494,4426,5226,6059,12897,7261,2376,,
1716401926,3,395,1512,4708,4404,5183,6010,12770,7246,2352,,
1716401928,2,1293,4201,11806,4486,5215,6050,12816,7174,2346,,
1716401930,2,-260,-603,5793,4829,5435,6274,13184,6947,2418,,
1716401932,4,2872,1699,4755,4600,5301,6234,13067,7231,2310,,
1716401934,3,2862,5023,8535,4822,5518,6458,13541,7152,2417,,
1716401936,3,1872,4713,12252,4643,5416,6359,13400,7287,2386,,
1716401938,4,-1146,4932,3747,4380,5195,6141,12970,7432,2282,,
1716401940,5,1129,681,6006,4689,5457,6424,13509,7293,2389,,
1716401942,0,4032,961,12514,4473,5282,6235,13156,7397,2321,,
1716401944,3,-128,1031,6892,4863,5592,6571,13753,7217,2438,,
1716401946,2,2549,-666,6322,4732,5480,6464,13534,7288,2382,,
1716401948,3,3821,6191,8739,4485,5303,6258,13193,7409,2333,,
1716401950,3,3637,4539,13744,4617,5399,6340,13335,7313,2382,,
1716401951,5,-202,4309,5422,4423,5222,6176,12977,7426,2286,,
1716401953,4,568,-94,5411,4433,5188,6148,12909,7376,2249,,
1716401955,2,2743,-851,13542,4491,5276,6267,13155,7418,2282,,
1716401957,4,1360,3700,7903,4018,4863,5790,12238,7610,2133,,
1716401959,6,5080,2972,9111,4279,5029,5980,12524,7438,2171,,
1716401961,4,-797,3319,6181,4396,5133,6088,12717,7389,2218,,
1716401963,3,816,-1099,8065,4538,5200,6141,12757,7252,2239,,
1716401965,4,-1220,6,10890,4508,5168,6107,12703,7253,2223,,
1716401967,2,-1135,10,5625,4366,5078,5989,12547,7316,2214,,
1716401969,7,3175,-894,8564,4140,4822,5687,11895,7334,2104,,
1716401971,4,-1888,118,12244,3676,4269,5050,10560,7329,1848,,
1716401973,4,-641,1983,7119,3554,4083,4817,10067,7239,1765,,
1716401975,1,-240,-651,6001,3807,4338,5091,10572,7177,1884,,
1716401977,2,3971,-3157,11298,4180,4805,5639,11736,7232,2099,,
1716401979,10,-1477,2428,9376,4123,4731,5565,11571,7236,2055,,
1716401981,3,-1343,1493,6890,3872,4431,5204,10842,7199,1927,,
1716401983,3,236,2509,5335,3452,3988,4694,9838,7254,1738,,
1716401985,3,-725,-1171,9807,3614,4170,4913,10307,7246,1812,,
1716401987,2,-2795,1764,3827,3795,4365,5128,10735,7217,1904,,
1716401989,3,-567,-1022,5591,3797,4356,5121,10733,7197,1894,,
1716401991,5,-2282,3460,9740,3780,4311,5064,10583,7162,1870,,
1716401993,0,-1526,1344,7295,3896,4447,5226,10929,7168,1929,,
1716401995,3,-50,1678,6872,4252,4828,5677,11847,7142,2084,,
1716401997,8,-1818,2435,11514,4330,4918,5775,12069,7130,2129,,
1716401999,3,-1538,-682,5535,4056,4668,5445,11505,7143,2065,,
1716402001,5,-345,-4829,7999,3881,4378,5116,10625,7078,1905,,
1716402003,3,-5202,-594,6526,4307,4852,5687,11771,7099,2097,,
1716402005,3,-1217,-977,4253,4668,5301,6180,12908,7091,2328,,
1716402006,4,-1637,-225,11679,4843,5519,6416,13465,7081,2442,,
1716402008,2,-1442,-387,5663,4920,5572,6550,13659,7124,2403,,
1716402010,4,-1093,-160,11344,4774,5420,6361,13294,7124,2349,,
1716402012,2,-500,-994,5891,4618,5251,6174,12973,7123,2269,,
1716402014,0,-3217,432,7972,4257,4859,5720,12080,7137,2100,,
1716402016,2,4340,-2397,13698,4271,4876,5732,12092,7135,2114,,
1716402018,3,-755,-302,2697,4551,5227,6127,12895,7172,2288,,
1716402020,2,360,2021,6759,4679,5393,6326,13335,7194,2363,,
1716402022,3,-2808,3618,2960,4785,5470,6416,13489,7146,2384,,
1716402024,3,-46,3671,7513,4609,5368,6296,13346,7244,2368,,
1716402026,3,-246,337,5700,4559,5248,6137,12946,7165,2311,,
1716402028,3,-3098,5018,6809,4489,5189,6073,12847,7188,2287,,
1716402030,3,3177,2849,10036,4128,4906,5696,12270,7262,2234,,
1716402032,3,377,4155,8063,4163,4895,5706,12168,7252,2198,,
1716402034,2,-3491,3944,4360,4219,4996,5827,12482,7285,2250,,
1716402036,3,1807,2205,11570,4243,5000,5854,12496,7286,2229,,
1716402038,2,537,4057,6523,3996,4834,5609,12160,7352,2227,,
1716402040,2,-1237,6721,6620,3937,4764,5529,11973,7360,2194,,
1716402042,4,-1303,5080,10728,3887,4698,5460,11818,7361,2157,,
1716402044,3,3379,4628,11611,3800,4540,5308,11404,7346,2047,,
1716402046,2,1964,3300,8349,3560,4255,4982,10688,7362,1913,,
1716402048,0,3609,3574,13135,3435,4083,4771,10222,7320,1837,,
1716402050,4,2520,998,9462,3213,3766,4399,9283,7287,1681,,
1716402052,5,3909,4110,11329,3241,3802,4398,9310,7226,1729,,
1716402054,1,1885,395,7739,3411,3953,4591,9638,7196,1771,,
1716402056,0,1221,1891,7421,4004,4644,5408,11430,7188,2071,,
1716402058,1,-118,1104,5711,4301,4973,5799,12242,7178,2208,,
1716402060,1,1527,1643,6146,4416,5130,5978,12654,7197,2287,,
1716402062,5,289,-1000,6706,4468,5141,6007,12704,7147,2267,,
1716402063,3,1253,-307,7396,4248,4895,5725,12127,7156,2156,,
1716402065,3,-233,192,5874,3960,4582,5387,11406,7215,2003,,
1716402067,4,256,614,6732,3591,4169,4913,10352,7272,1818,,
1716402069,3,1609,-577,8450,3503,4100,4837,10159,7351,1793,,
1716402071,4,4916,1767,10811,3702,4322,5070,10693,7284,1909,,
1716402073,4,2694,-445,10676,3862,4510,5285,11190,7263,1996,,
1716402075,1,-506,1188,8409,4041,4685,5474,11636,7179,2076,,
1716402077,2,-718,1521,7709,3924,4544,5331,11320,7197,1996,,
1716402079,3,-2435,1272,9232,3963,4578,5387,11389,7214,1996,,
1716402081,11,-848,2090,10577,4263,4953,5824,12338,7243,2170,,
1716402083,2,-815,1656,9553,4552,5271,6169,13051,7199,2326,,
1716402085,4,-256,1745,7454,4548,5292,6176,13072,7217,2355,,
1716402087,4,1228,1509,7608,4599,5370,6290,13278,7273,2379,,
1716402089,4,4198,1857,9058,4559,5323,6204,13121,7237,2380,,
1716402091,3,452,1110,10994,4800,5497,6386,13466,7094,2443,,
1716402093,2,-986,-82,5473,4725,5394,6259,13211,7061,2398,,
1716402095,2,3533,-158,11529,4547,5230,6069,12856,7101,2336,,
1716402097,1,-271,685,8538,4326,4958,5752,12211,7065,2211,,
1716402099,2,875,-1354,6699,4161,4776,5483,11743,6985,2174,,
1716402101,3,1152,-611,10959,3960,4567,5277,11253,7069,2060,,
1716402103,3,-478,-1314,6797,3853,4429,5145,10879,7109,1974,,
1716402105,2,537,-2849,10276,3450,3980,4644,9736,7195,1762,,
1716402107,2,504,-236,5663,2916,3399,4010,8359,7357,1483,,
1716402109,1,3602,-4229,9183,2569,2971,3518,7200,7405,1280,,
1716402111,3,-576,572,10655,2913,3351,3962,8143,7335,1443,,
1716402113,3,-2559,1606,6329,2850,3263,3860,7943,7298,1399,,
1716402115,1,-6,954,9354,2820,3247,3840,7908,7335,1398,,
1716402117,2,-2894,3492,8065,3039,3489,4106,8457,7284,1515,,
1716402118,1,863,1411,9650,3394,3886,4556,9395,7237,1697,,
1716402120,2,-4676,1668,4676,3776,4252,5008,10252,7169,1819,,
1716402122,6,-2052,1808,8721,4576,5191,6068,12559,7135,2266,,
1716402124,2,-1066,3048,9259,4084,4861,5729,12082,7449,2153,,
1716402126,3,-2177,2967,11018,3930,4701,5558,11734,7495,2076,,
1716402128,4,-4276,-129,12160,4636,5286,6157,12829,7125,2331,,
1716402130,5,-3124,2010,11276,4588,5272,6208,12882,7261,2287,,
1716402132,4,-3984,3129,7810,4331,5006,5896,12231,7307,2179,,
1716402134,3,-2998,2682,5114,4149,4856,5751,12000,7403,2108,,
1716402136,1,-1890,-42,9656,3754,4424,5260,11033,7449,1914,,
1716402138,3,-2762,1574,6401,3415,3967,4747,9874,7419,1678,,
1716402140,2,-1686,-615,6709,3842,4393,5177,10716,7240,1897,,
1716402142,0,-2454,901,7049,4147,4702,5471,11439,7064,2070,,
1716402144,4,-3077,1444,7850,3712,4343,5097,10673,7334,1919,,
1716402146,2,-2805,681,9905,3451,4092,4873,10223,7501,1771,,
1716402148,3,-408,-1246,10684,3064,3661,4416,9296,7605,1551,,
1716402150,2,-1408,113,8618,2875,3413,4109,8643,7554,1446,,
1716402152,3,-863,1478,11200,3319,3893,4654,9774,7438,1660,,
1716402154,6,-2090,1499,9944,3376,3935,4677,9829,7358,1691,,
1716402156,3,1105,-550,9689,3488,4062,4806,10094,7331,1761,,
1716402158,2,2276,243,8609,3941,4483,5262,10862,7191,1945,,
1716402160,2,856,-874,8071,3585,4065,4722,9721,7117,1796,,
1716402162,3,55,-241,7911,3432,3877,4518,9172,7166,1698,,
1716402164,2,-1568,1501,6635,3736,4024,4625,9232,6769,1753,,
1716402166,2,-1295,216,7470,4007,4269,4927,9789,6725,1831,,
1716402168,1,-1412,1553,9899,4493,4807,5571,11155,6759,2051,,
1716402170,2,-968,-815,10398,4916,5318,6136,12447,6773,2306,,
1716402172,4,-601,-2781,9060,4874,5444,6208,13052,6821,2466,,
1716402174,1,-2105,-2179,5040,4649,5240,6142,12743,7093,2265,,
1716402176,4,-717,-115,6702,4500,5103,6054,12510,7223,2162,,
1716402178,5,1077,580,6829,5160,5790,6829,14067,7125,2465,,
1716402179,2,-1699,-295,6414,5202,5889,6936,14348,7165,2529,,
1716402181,3,5458,-110,11259,5438,6205,7324,15205,7221,2667,,
1716402183,4,-103,912,6813,5289,6025,7132,14791,7229,2572,,
1716402185,5,5085,-1222,9505,4591,5365,6420,13464,7423,2278,,
1716402187,4,-1114,312,4895,4833,5634,6724,14049,7409,2402,,
1716402189,26,819,1349,6720,5504,6273,7429,15433,7228,2676,,
1716402191,4,-383,1148,10380,5386,6147,7313,15141,7278,2601,,
1716402193,4,1950,-1305,7215,5510,6314,7509,15563,7302,2681,,
1716402195,4,3149,-47,11088,5209,6049,7241,15076,7414,2556,,
1716402197,4,-297,234,8422,5154,6001,7181,14958,7429,2542,,
1716402199,5,3663,4554,6890,5034,5925,7100,14837,7500,2520,,
1716402201,4,1369,1737,11419,4627,5429,6475,13596,7429,2327,,
1716402203,5,-55,-1291,5794,4316,5097,6111,12849,7496,2171,,
1716402205,4,-503,530,9492,4548,5359,6435,13477,7508,2272,,
1716402207,6,722,-49,5625,5476,6199,7345,15194,7199,2630,,
1716402209,8,2224,5196,9483,5214,6034,7196,14980,7369,2564,,
1716402211,4,-616,2688,9820,4962,5787,6907,14418,7417,2467,,
1716402213,3,1679,282,7942,4965,5836,7020,14649,7518,2461,,
1716402215,4,-1078,2891,9054,4618,5604,6786,14297,7732,2379,,
1716402217,2,485,3377,5556,4660,5586,6726,14124,7633,2381,,
1716402219,3,1864,2376,9967,4406,5372,6349,13596,7557,2401,,
1716402221,4,153,730,5975,4669,5583,6716,14112,7607,2380,,
1716402223,1,-2559,2636,10045,4638,5583,6716,14137,7646,2390,,
1716402225,7,-1243,-132,6901,4587,5403,6465,13537,7488,2306,,
1716402227,4,1831,3333,7432,4717,5529,6636,13862,7480,2338,,
1716402229,0,-618,892,10026,4413,5240,6303,13196,7575,2224,,
1716402231,3,1429,-223,7370,4839,5568,6623,13794,7311,2369,,
1716402233,3,-286,923,9539,5414,6218,7402,15362,7317,2638,,
1716402235,4,1234,-705,4705,5561,6401,7637,15856,7344,2708,,
1716402237,5,2351,1855,10891,5526,6307,7508,15555,7279,2665,,
1716402239,5,-657,1793,6226,5628,6460,7685,15950,7309,2744,,
1716402240,5,3491,-288,10231,5483,6309,7526,15639,7337,2669,,
1716402242,3,432,-651,5735,5406,6317,7528,15731,7418,2705,,
1716402244,4,2242,680,10983,5305,6226,7451,15586,7467,2651,,
1716402246,4,2864,-519,7639,5225,6147,7340,15384,7463,2633,,
1716402248,4,322,182,9064,5275,6146,7319,15303,7390,2631,,
1716402250,5,1988,2273,5864,5387,6233,7379,15410,7313,2688,,
1716402252,1,986,2445,8703,5599,6426,7550,15765,7213,2798,,
1716402254,4,3424,-1726,6956,5715,6576,7721,16171,7214,2872,,
1716402256,6,-1348,-432,9555,5821,6672,7946,16515,7299,2825,,
1716402258,5,3321,271,6309,5885,6835,8076,16937,7311,2966,,
1716402260,5,2790,-2325,11185,5822,6786,8002,16850,7308,2963,,
1716402262,5,816,549,6576,5397,6285,7475,15666,7368,2696,,
1716402264,4,3662,-3080,7681,5234,6120,7262,15279,7367,2645,,
1716402266,5,875,136,9181,5260,6136,7308,15326,7386,2628,,
1716402268,5,2096,-1099,5214,5513,6431,7652,16052,7379,2760,,
1716402270,5,5647,-746,9905,5515,6511,7669,16285,7355,2873,,
1716402272,3,464,1295,8380,5416,6390,7609,16087,7427,2758,,
1716402274,5,873,-2974,6103,5147,6093,7309,15432,7496,2596,,
1716402276,4,1141,-177,9713,5046,6029,7236,15313,7553,2581,,
1716402278,4,3,-1526,7626,4684,5542,6644,14037,7486,2363,,
1716402280,4,2997,-1791,6931,4783,5422,6396,13317,7157,2323,,
1716402282,5,2686,458,11144,5259,6004,7103,14793,7223,2570,,
1716402284,5,-611,465,6014,5622,6344,7488,15521,7145,2707,,
1716402286,4,3282,-1086,8092,5886,6678,7898,16380,7194,2848,,
1716402288,6,-481,-2228,9493,5972,6864,8100,16925,7244,2966,,
1716402290,2,1658,-1166,5299,6022,6920,8189,17104,7260,2973,,
1716402292,6,933,3241,5721,6022,6928,8231,17178,7294,2955,,
1716402294,3,4690,1796,11814,5847,6760,8064,16814,7356,2869,,
1716402296,4,3198,596,10064,5983,6913,8250,17211,7351,2930,,
1716402298,6,-159,1387,3124,5849,6800,8038,16911,7306,2950,,
1716402300,2,1450,-339,7683,5261,6174,7365,15481,7426,2646,,
1716402301,5,-1447,1028,9164,5306,6279,7529,15824,7514,2677,,
1716402303,5,-951,-635,4267,4967,5962,7207,15177,7647,2522,,
1716402305,3,90,922,6389,4698,5713,6927,14592,7755,2422,,
1716402307,5,627,2084,12481,4285,5206,6264,13241,7691,2241,,
1716402309,2,-2225,5118,8010,4255,5164,6203,13173,7649,2229,,
1716402311,4,-820,744,6196,4525,5412,6517,13751,7592,2303,,
1716402313,3,3040,4113,10209,4348,5332,6439,13743,7722,2291,,
1716402315,3,-1385,1985,9720,4500,5500,6656,14137,7735,2348,,
1716402317,3,1053,1463,7536,4561,5556,6729,14277,7721,2363,,
1716402319,4,2163,4911,11121,4609,5547,6704,14170,7646,2352,,
1716402321,2,-289,5459,11386,4707,5640,6826,14409,7629,2377,,
1716402323,3,-353,2483,5527,4805,5784,7029,14842,7680,2424,,
1716402325,3,2735,4184,11519,4714,5712,6946,14692,7721,2401,,
1716402327,3,-2223,297,6071,4500,5563,6789,14455,7842,2350,,
1716402329,4,1015,5956,6333,3984,4942,6007,12891,7802,2110,,
1716402331,3,-71,4330,9584,4176,4997,5998,12677,7571,2141,,
1716402333,5,-62,1912,4066,4737,5717,6919,14598,7682,2421,,
1716402335,2,4701,-1628,12062,4387,5418,6590,14025,7822,2304,,
1716402337,3,-567,788,8823,3517,4340,5279,11310,7779,1844,,
1716402339,1,385,850,10053,3054,3698,4480,9420,7730,1566,,
1716402341,1,4310,2796,6104,2888,3509,4172,8807,7638,1547,,
1716402343,1,-2518,5018,5469,3988,4734,5690,11995,7533,2012,,
1716402345,5,-607,3552,13350,4027,4981,6042,12902,7800,2132,,
1716402347,3,-2556,4504,7101,4157,5147,6234,13360,7780,2211,,
1716402349,4,814,814,7628,4302,5305,6396,13704,7731,2295,,
1716402351,3,1700,2560,10918,4565,5603,6755,14405,7724,2417,,
1716402353,3,-3774,1625,6656,4809,5774,6944,14689,7600,2469,,
1716402355,4,1527,1999,7230,4851,5788,6926,14631,7537,2491,,
1716402357,3,-946,3138,10730,4761,5629,6730,14220,7466,2413,,
1716402359,4,-1908,2464,5819,4891,5762,6915,14600,7464,2445,,
1716402361,3,941,-928,9803,4645,5483,6571,13858,7476,2336,,
1716402362,3,-2646,2034,8890,4951,5802,6948,14651,7421,2465,,
1716402364,4,-1335,1082,5801,5197,6049,7241,15255,7375,2560,,
1716402366,5,584,3755,6407,4893,5800,6958,14678,7510,2473,,
1716402368,4,-779,5254,11919,5093,5947,7117,14983,7400,2524,,
1716402370,3,-2161,1625,6190,5205,5865,6958,14566,7123,2474,,
1716402372,1,774,1412,10604,5875,6739,8019,16752,7276,2860,,
1716402374,7,-1295,113,9486,5241,6165,7434,15794,7448,2588,,
1716402376,4,-646,764,7697,4272,5116,6166,13170,7543,2175,,
1716402378,7,-1469,-292,6062,5229,6141,7338,15667,7367,2624,,
1716402380,2,-828,-162,3831,4863,5846,7092,15049,7636,2457,,
1716402382,4,441,-2474,6902,4652,5562,6694,14203,7558,2369,,
1716402384,3,196,-4184,5649,4691,5581,6722,14210,7546,2366,,
1716402386,6,740,-2771,7736,4699,5652,6831,14397,7657,2395,,
1716402388,5,-1751,-2314,7966,4771,5721,6897,14467,7648,2432,,
1716402390,4,-1086,-2269,4188,4976,5883,7080,14779,7561,2488,,
1716402392,2,2056,-1054,8792,5058,5938,7142,14898,7510,2502,,
1716402394,5,-60,-945,10788,4706,5595,6725,13998,7610,2381,,
1716402396,3,1514,243,7081,5209,5693,6734,13867,6948,2365,,
1716402398,3,1425,-131,6446,5204,5641,6702,13855,6900,2308,,
1716402400,7,1833,-1813,8271,4557,5275,6317,13309,7338,2222,,
1716402402,4,3384,1068,9323,4163,5024,5960,12709,7526,2215,,
1716402404,2,2238,96,7196,3879,4476,5146,10856,7088,2039,,
1716402406,1,3077,-270,5505,2590,2795,3195,6380,6748,1232,,
1716402408,2,2507,468,10370,1797,2201,2740,5534,8207,885,,
1716402410,3,3009,855,6338,2767,3419,4215,8782,8018,1413,,
1716402412,3,2651,-812,10887,3895,4839,5860,12363,7894,2084,,
1716402414,3,848,-2192,5932,4449,5376,6400,13388,7653,2356,,
1716402416,2,5522,-3845,9828,4388,5136,6072,12562,7435,2237,,
1716402418,3,2150,-642,7936,3266,3951,4861,10045,7901,1617,,
1716402419,1,1560,-4483,5719,3764,4925,6118,12967,8354,2073,,
1716402421,5,2787,-3068,10320,4770,5915,7207,15111,7948,2512,,
1716402423,4,2492,-911,8807,4694,5778,7032,14698,7907,2449,,
1716402425,6,876,-2354,7481,5421,6580,7957,16633,7771,2801,,
1716402427,6,4038,-2068,6983,5555,6634,8049,16734,7699,2776,,
1716402429,3,4246,-2353,10326,5447,6524,7928,16477,7731,2726,,
1716402431,2,1704,-118,7243,5286,6323,7716,15989,7759,2616,,
1716402433,4,1841,-2862,4953,4996,5981,7265,15047,7744,2500,,
1716402435,5,3246,-1002,9799,4774,5694,6912,14250,7739,2378,,
1716402437,5,120,-1439,5964,4505,5277,6386,13095,7614,2192,,
1716402439,5,5779,-3845,9074,3969,4687,5682,11665,7679,1950,,
1716402441,7,2138,-1466,8838,3859,4749,5831,12123,7982,1975,,
1716402443,11,2599,-2832,6072,4259,5497,6804,14310,8294,2313,,
1716402445,5,3346,-758,9971,5037,6218,7624,15904,7977,2598,,
1716402447,3,2008,-868,5932,5043,6252,7665,16021,7996,2620,,
1716402449,9,5075,-1301,5122,5142,6334,7763,16194,7959,2646,,
1716402451,0,3124,-1390,9119,5214,6370,7812,16244,7921,2643,,
1716402453,4,3149,-1037,6277,5124,6259,7666,15939,7914,2604,,
1716402455,6,4012,-818,10171,5451,6549,7985,16542,7789,2722,,
1716402457,3,2024,-2253,6303,5342,6423,7830,16217,7795,2672,,
1716402459,5,5377,-989,4960,5547,6568,7955,16430,7662,2743,,
1716402461,4,2540,78,8838,5266,6289,7641,15774,7746,2624,,
1716402463,5,2761,55,7199,5828,6734,8078,16580,7458,2824,,
1716402465,3,3253,-1970,9016,5382,6181,7412,15112,7442,2583,,
1716402467,4,2510,-1634,8530,5135,5812,6952,14062,7352,2418,,
1716402469,6,2468,-2074,7306,4628,5318,6448,13124,7517,2171,,
1716402471,3,4432,-1862,10542,3842,4353,5229,10624,7364,1796,,
1716402473,0,2806,1145,5645,3131,3809,4594,9436,7878,1633,,
1716402475,3,4549,-2745,7181,3894,5019,6177,13038,8233,2136,,
1716402476,5,3909,-869,6950,4458,5682,6962,14678,8140,2425,,
1716402478,5,2514,-675,4531,4868,6049,7364,15489,7939,2577,,
1716402480,5,4885,-1004,4148,5059,6223,7581,15906,7884,2631,,
1716402482,6,4548,-881,10260,5209,6392,7835,16359,7926,2663,,
1716402484,3,3230,127,8261,5023,6252,7676,16100,8010,2619,,
1716402486,6,1505,1671,5571,5695,6865,8370,17433,7783,2860,,
1716402488,9,2124,-797,6548,5629,6868,8278,17502,7728,2953,,
1716402490,6,3357,-3282,8488,5799,7019,8425,17784,7659,3029,,
1716402492,5,4201,3671,8987,5947,7215,8430,18151,7439,3287,,
1716402494,4,1712,1486,8001,6166,7349,8544,18223,7333,3344,,
1716402496,4,629,-349,6149,6262,7370,8572,18114,7288,3325,,
1716402498,3,3327,-91,7307,6029,6960,8189,16998,7290,3034,,
1716402500,9,3323,1504,11030,6073,6915,8128,16784,7204,2993,,
1716402502,4,1949,2836,8109,6053,6877,8098,16751,7191,2962,,
1716402504,5,3043,1657,6140,5911,6798,8061,16740,7303,2910,,
1716402506,4,2351,-543,8343,5793,6785,8093,16906,7441,2905,,
1716402508,4,2955,425,9100,5855,6935,8254,17341,7483,3003,,
1716402510,8,1233,584,6755,6048,7194,8506,17955,7456,3165,,
1716402512,3,4375,-1537,6833,5872,7026,8390,17599,7582,3042,,
1716402514,6,4448,868,9586,5775,6923,8235,17315,7564,3024,,
1716402516,4,2189,3148,4502,5714,6821,8083,16996,7513,2994,,
1716402518,8,1916,-1261,5623,5450,6402,7565,15813,7409,2798,,
1716402520,13,3938,-425,11590,5368,6139,7107,14835,7105,2745,,
1716402522,4,2255,1707,8439,4683,5290,6249,12786,7213,2255,,
1716402524,5,1552,-4,5867,3759,4492,5417,11358,7626,1904,,
1716402526,40,5912,763,11043,3810,4609,5534,11658,7667,1987,,
1716402528,3,3106,1606,9917,3444,4304,5341,11231,8074,1766,,
1716402530,2,2344,965,5431,3491,4318,5331,11213,7974,1780,,
1716402531,2,1940,-3140,8649,3684,4610,5676,12013,8005,1925,,
1716402533,3,3316,-269,10614,3877,4861,5953,12665,7962,2056,,
1716402535,3,3461,-1395,8954,3920,4933,6032,12872,7962,2098,,
1716402537,4,1594,-502,7411,4392,5600,6850,14668,8034,2399,,
1716402539,15,1764,-1475,7247,4827,6136,7409,15891,7943,2695,,
1716402541,12,4732,-1666,7143,5325,6619,7930,16852,7803,2914,,
1716402543,5,5456,-2947,8506,5702,6842,8037,17016,7470,3065,,
1716402545,3,6049,-1432,11361,5330,6201,6711,15136,6594,3145,,
1716402547,5,6023,-657,10552,3698,4480,5433,11419,7741,1894,,
1716402549,5,3732,256,8432,4294,5496,6681,14457,7967,2390,,
1716402551,3,2068,550,9222,4829,6137,7437,15934,7964,2675,,
1716402553,3,1302,1163,6865,5127,6470,7848,16703,7961,2803,,
1716402555,5,2089,293,6677,5400,6726,8105,17316,7814,2930,,
1716402557,5,1228,-242,6293,6193,7516,8925,18956,7591,3320,,
1716402559,7,1922,-2242,7800,6760,8037,9471,19963,7442,3558,,
1716402561,4,1726,-700,8158,7185,8465,9769,20760,7228,3878,,
1716402563,5,1483,-853,8071,6013,7076,8151,17302,7215,3250,,
1716402565,5,4041,21,10877,3494,4325,5307,11105,7981,1807,,
1716402567,7,204,-614,8925,6086,7236,8581,18075,7479,3164,,
1716402569,4,-1313,3911,6687,6131,7239,8684,18127,7534,3079,,
1716402571,5,41,1020,9293,5783,6886,8270,17287,7595,2938,,
1716402573,5,-799,-206,8040,5743,6775,8060,16878,7468,2929,,
1716402575,9,-2615,-2433,8002,5471,6403,7642,15990,7431,2736,,
1716402577,3,143,4122,9335,5758,6507,7617,15747,7119,2826,,
1716402579,2,3203,-2376,11665,4804,5319,6269,12672,7096,2247,,
1716402581,6,370,-2087,8220,4482,4937,5816,11676,7081,2080,,
1716402583,1,2145,-2657,7979,4796,5349,6348,12834,7193,2239,,
1716402585,3,-1723,171,4324,5408,6113,7187,14719,7186,2632,,
1716402586,5,-225,-202,8086,5142,5964,6841,14624,7060,2737,,
1716402588,2,-729,-1885,7884,4624,5350,6330,13204,7315,2310,,
1716402590,3,796,-1,7930,3622,4238,5091,10693,7446,1787,,
1716402592,2,-402,-411,5259,3392,3985,4790,9995,7510,1682,,
1716402594,6,-2680,-1243,2605,3843,4571,5478,11561,7527,1957,,
1716402596,5,53,1049,5266,4837,5682,6616,14317,7178,2555,,
1716402598,4,-646,-344,5678,5151,5977,7093,14834,7340,2570,,
1716402600,4,973,-3414,8738,4438,5314,6358,13507,7532,2293,,
1716402602,4,945,197,5507,4338,5139,6139,13074,7438,2209,,
1716402604,4,-1564,89,4423,5567,6437,7676,16018,7351,2734,,
1716402606,4,-946,728,5459,5716,6505,7680,15883,7219,2790,,
1716402608,6,-2720,1027,4451,5739,6543,7719,15957,7230,2814,,
1716402610,4,-2584,460,8198,5758,6525,7654,15791,7161,2827,,
1716402612,3,-78,864,10062,5334,6014,7025,14449,7111,2618,,
1716402614,1,245,273,10125,4067,4539,5339,10771,7155,1936,,
1716402616,1,-2191,3120,9094,3663,4033,4756,9483,7112,1695,,
1716402618,0,4865,1515,14722,3967,4402,5204,10508,7136,1851,,
1716402620,3,1449,2110,8459,4277,4777,5709,11621,7217,1972,,
1716402622,4,2324,425,9278,4764,5426,6522,13402,7355,2244,,
1716402624,5,402,-2329,5729,5510,6499,7761,16301,7472,2788,,
1716402626,3,-1075,923,6905,5685,6387,7444,15454,7035,2787,,
1716402628,1,411,300,6304,5913,6744,7886,16505,7131,2952,,
1716402630,6,-1644,-2748,5330,6055,6956,8146,17103,7178,3051,,
1716402632,1,295,-126,5507,6278,7201,8400,17640,7144,3179,,
1716402634,2,-2338,-1694,5248,5943,6827,7940,16723,7127,3034,,
1716402636,3,-2840,-2229,4948,5370,6218,7328,15444,7253,2707,,
1716402638,5,-3107,869,9635,4905,5595,6519,13836,7056,2467,,
1716402640,1,2670,2038,12344,4413,5078,5997,12599,7233,2192,,
1716402642,33,125,-370,6059,4666,5295,6211,12974,7120,2296,,
1716402644,3,-1569,3099,4410,4091,4682,5416,11554,7020,2097,,
1716402645,0,-1094,4822,5630,3714,4288,5051,10626,7237,1865,,
1716402647,4,346,5121,10494,4027,4618,5454,11235,7296,1989,,
1716402649,7,2315,5975,14972,4813,5504,6484,13505,7212,2379,,
1716402651,3,2506,4940,4714,5364,6221,7058,15452,6913,2911,,
1716402653,4,1362,1761,6434,5799,6655,7516,16361,6838,3120,,
1716402655,2,377,3713,5063,5281,6129,6899,15136,6869,2909,,
1716402657,4,533,1595,7686,2918,3273,3732,7780,6880,1487,,
1716402659,0,-3188,980,9515,2114,2311,2641,5282,6844,1028,,
1716402661,3,-1476,2097,12634,2568,2831,3279,6581,6983,1234,,
1716402663,3,-1684,-806,6229,2853,3209,3780,7734,7164,1372,,
1716402665,4,-3152,1659,1896,3701,4112,4843,10017,7027,1744,,
1716402667,4,-1604,4731,9611,5184,5746,6606,13796,6835,2551,,
1716402669,1,1715,10259,11381,6324,7129,8040,17228,6760,3314,,
1716402671,2,221,7362,9313,6958,7720,8654,18479,6626,3592,,
1716402673,4,-233,2918,5938,7957,8850,9806,21425,6514,4208,,
1716402675,4,-1239,1493,4202,8410,9299,10189,22511,6386,4489,,
1716402677,6,-134,693,4832,9171,10162,11192,24499,6451,4870,,
1716402679,8,-5060,3985,3661,9619,10462,11405,24825,6282,5042,,
1716402681,8,-697,4796,10194,9632,10316,11283,24175,6231,4897,,
1716402683,3,-757,2332,7120,9779,10384,11201,24060,6085,5016,,
1716402685,2,-977,3064,4313,7447,8150,9037,19601,6429,3831,,
1716402687,5,-2281,6953,6380,5674,6465,7410,16148,6865,2938,,
1716402689,5,-1440,7824,6821,7644,8468,9472,20416,6577,3951,,
1716402691,6,1190,9322,9448,8500,9369,10394,22496,6485,4420,,
1716402693,6,697,4275,7342,9423,10260,11267,24509,6333,4888,,
1716402695,7,1685,3203,6614,9311,10174,11076,24137,6303,4928,,
1716402697,6,-2097,-726,4864,9095,10068,11133,24009,6505,4789,,
1716402699,2,-3047,-51,3916,8594,9433,10701,22526,6662,4266,,
1716402701,5,-818,1692,6478,8599,9647,10642,23601,6507,4645,,
1716402703,4,-2367,1369,8952,7565,8456,9311,20745,6462,4075,,
1716402705,5,-2872,1539,9284,7927,8672,9433,20816,6279,4209,,
1716402707,6,2828,5410,10945,5877,6580,7351,16357,6553,3097,,
1716402708,2,1338,5253,8745,5056,5717,6480,14167,6745,2639,,
1716402710,2,125,816,8333,5913,6587,7272,16070,6475,3154,,
1716402712,4,-645,1317,4499,5381,5967,6584,14639,6428,2852,,
1716402714,4,-1024,1127,4539,4864,5415,6176,13470,6683,2447,,
1716402716,5,-2493,3717,3406,4355,4787,5349,11808,6457,2226,,
1716402718,2,-2101,4430,3877,6961,7829,8616,18911,6538,3790,,
1716402720,6,3612,10779,12026,7505,8383,9245,20914,6429,4028,,
1716402722,11,-1483,4587,6961,7753,8693,9704,20888,6652,4101,,
1716402724,5,-3197,2079,6015,6282,7069,7936,17305,6669,3309,,
1716402726,5,-3099,4446,7361,5221,6006,7020,15143,7069,2646,,
1716402728,6,857,7478,13339,6804,7492,8389,18236,6519,3476,,
1716402730,6,-2667,6377,9840,8428,9150,10024,21875,6293,4369,,
1716402732,6,-1483,4865,11070,8984,9918,10986,23858,6478,4696,,
1716402734,6,-1669,4217,9800,9602,10465,11543,24984,6376,4951,,
1716402736,6,-2296,5922,8798,10305,10996,12063,25788,6228,5181,,
1716402738,2,-1259,3527,10196,9469,10127,11317,23757,6396,4626,,
1716402740,6,1963,3319,9989,11198,12222,13314,28477,6341,5910,,
1716402742,14,-1869,3355,7244,7221,8296,9707,20261,7199,3645,,
1716402744,12,-1464,3053,7796,7320,8369,9772,20328,7166,3680,,
1716402746,6,-1556,2959,7487,7391,8430,9846,20438,7159,3699,,
1716402748,7,252,980,8753,7384,8444,9862,20500,7172,3712,,
1716402750,5,2971,660,8260,13008,13182,14583,29946,5991,5909,,
1716402752,8,1391,555,9347,14322,14468,15779,32445,5873,6637,,
1716402754,8,1111,-17,6548,16642,16053,17363,35240,5498,7226,,
1716402756,10,-315,988,5545,18352,17602,18715,38043,5338,8126,,
1716402758,8,-1431,1201,2792,18125,17462,18780,38003,5451,7931,,
1716402760,7,2531,15,11740,17381,16729,18121,36518,5497,7498,,
1716402762,8,-1782,-657,8970,17973,17386,18581,37853,5434,8006,,
1716402764,3,-797,-1663,7623,17513,17161,18203,37607,5467,8077,,
1716402766,9,769,637,12547,12899,13315,14638,30195,6076,6114,,
1716402768,6,-290,45,10285,12424,13050,14345,29908,6180,6064,,
1716402770,8,-694,-907,10659,11781,12606,13722,29178,6211,6028,,
1716402772,7,-2785,-1340,7623,12218,12749,14118,29223,6194,5822,,
1716402773,9,-577,-715,9805,13258,13740,15078,31222,6086,6346,,
1716402775,3,-2411,-1830,9785,13604,14025,15236,31637,5979,6568,,
1716402777,9,-1827,-1252,7781,11843,12141,13395,27638,6049,5514,,
1716402779,8,-1203,629,4362,13446,13500,14999,30416,5971,5964,,
1716402781,11,-2204,-530,4684,14661,14658,16080,32612,5854,6606,,
1716402783,7,-465,-104,9116,16111,15989,17235,35102,5677,7391,,
1716402785,8,-2354,-1312,4111,18800,17359,18798,36878,5200,7536,,
1716402787,6,-2222,-1243,6909,14937,14397,15515,31182,5472,6518,,
1716402789,2,-1834,450,8888,12655,12458,13587,27412,5707,5610,,
1716402791,6,-3002,-1692,6659,11182,11344,12594,25585,6039,5057,,
1716402793,5,-2537,0,6804,10323,10821,11950,24690,6213,4981,,
1716402795,7,90,-1019,8990,9325,10062,11420,23496,6608,4495,,
1716402797,7,-4,-2252,8577,9584,10266,11617,23877,6539,4589,,
1716402799,7,-1117,-1092,6605,9376,10070,11504,23654,6616,4430,,
1716402801,7,-595,-1031,8419,9660,10272,11716,24146,6526,4501,,
1716402803,7,534,-1315,9577,11581,11890,13375,27261,6207,5217,,
1716402805,9,-1334,-3995,6832,10568,11089,12646,26033,6431,4815,,
1716402807,9,646,-639,5637,12840,12831,14469,29492,6026,5493,,
1716402809,8,1377,-2284,6641,12728,12913,14541,29731,6121,5606,,
1716402811,7,1365,996,7879,12381,12597,14218,29110,6154,5456,,
1716402813,4,-895,-269,8394,14015,13990,15468,31491,5890,6210,,
1716402815,6,-268,610,8363,13833,13936,15459,31511,5977,6190,,
1716402817,7,-406,832,8265,14154,14261,15742,32125,5944,6392,,
1716402819,8,962,-1931,9307,11135,11561,13134,27068,6328,5019,,
1716402821,6,-1897,-2971,7735,10536,11096,12666,26325,6439,4822,,
1716402823,6,-729,-2803,10729,11681,12057,13626,28154,6248,5265,,
1716402825,7,1073,-1075,10888,13538,13547,15199,31227,5991,5862,,
1716402827,4,-3069,-2748,6790,14763,14665,16292,33365,5879,6429,,
1716402829,8,-775,-3098,7997,13945,13794,15469,31781,5906,5922,,
1716402831,9,149,-2080,8968,15199,14949,16540,33898,5781,6554,,
1716402833,7,-58,-3319,9973,16108,16168,17425,36069,5741,7535,,
1716402835,4,-1102,-1973,7499,11230,11709,12764,26978,6051,5493,,
1716402837,7,-2515,-3857,3591,14727,14807,16241,33616,5868,6702,,
1716402838,6,910,424,5258,14435,14820,16141,33866,5950,6891,,
1716402840,8,-2458,-3490,3414,13920,14403,15723,33127,6012,6706,,
1716402842,14,1758,-1603,3481,14165,14463,15954,33347,5998,6552,,
1716402844,5,1763,-595,6388,23310,21534,22718,45799,5019,9793,,
1716402846,7,2238,-372,5567,16004,15904,17162,35731,5673,7345,,
1716402848,4,3443,1446,6964,12143,12590,13748,29362,6007,5867,,
1716402850,5,1863,8516,7447,9728,10531,11644,25569,6313,4941,,
1716402852,7,244,6175,7694,12835,13164,14407,30625,5954,6066,,
1716402854,6,-765,7082,6842,15414,15494,16671,35087,5723,7249,,
1716402856,8,-619,4904,12453,15950,15962,16950,35715,5607,7609,,
1716402858,8,-4219,4400,10093,15914,15814,16748,35224,5543,7535,,
1716402860,11,-3783,3627,9157,44276,38131,38888,65535,0,17347,,
1716402862,7,-914,5340,15781,27642,24775,25224,49890,4531,11668,,
1716402864,7,-4431,1600,7645,11856,12257,13312,28116,5971,5753,,
1716402866,5,-4488,89,6351,13426,13620,14651,30921,5781,6415,,
1716402868,5,-4548,637,4774,10301,10402,11103,23721,5689,4947,,
1716402870,6,-3442,2493,2383,11725,11300,11663,24652,5165,5492,,
1716402872,2,-1286,1324,5096,7290,7468,8199,17979,5922,3419,,
1716402874,3,-260,1879,5982,7330,7809,8596,19222,6151,3654,,
1716402876,6,-1816,1333,5431,8106,8515,9096,21075,5853,4150,,
1716402878,5,-2117,2150,4190,5675,6142,6867,15127,6366,2825,,
1716402880,2,-2993,1080,4260,3515,3777,4338,8930,6649,1645,,
1716402882,2,-2494,1823,6709,5021,4573,4891,9126,4989,2007,,
1716402884,4,-3122,409,4485,3753,3544,3918,7212,5559,1507,,
1716402886,5,-4125,154,4740,5328,5102,5719,10795,5762,2137,,
1716402888,4,-5501,574,5820,8706,8580,9491,18935,5826,3769,,
1716402890,8,-2067,3109,10978,10893,10704,11562,23510,5620,4896,,
1716402892,0,-328,2172,13965,6769,6713,7589,14644,6079,2843,,
1716402894,0,-307,289,13873,5608,5522,6227,11801,6034,2337,,
1716402896,5,1044,1308,11252,6480,6203,6908,12922,5719,2630,,
1716402898,1,-1648,5083,9909,6779,6668,7479,14125,5990,2849,,
1716402900,6,-20,106,6967,9258,8926,9908,19065,5722,3831,,
1716402901,6,-75,1766,6532,9535,9394,10380,20233,5845,4134,,
1716402903,5,-533,1910,6245,11145,10788,11695,23002,5560,4849,,
1716402905,5,-1339,3803,5071,26778,22896,23964,45369,4353,9905,,
1716402907,9,-2991,1213,8844,13902,14305,15607,32013,6012,6642,,
1716402909,7,-735,3449,13119,14830,14402,15558,31399,5541,6529,,
1716402911,7,-2292,2763,9991,13546,13319,14642,29465,5755,5907,,
1716402913,10,906,-75,7323,14552,14285,15669,31557,5727,6354,,
1716402915,8,363,2769,8237,13728,13748,15155,30468,5911,6150,,
1716402917,9,380,5147,10192,11781,12028,13461,27044,6160,5307,,
1716402919,8,1995,3682,14461,10742,11169,12613,25390,6355,4909,,
1716402921,7,-2762,2546,10117,10615,11164,12711,25608,6494,4871,,
1716402923,3,-1184,3015,12258,10770,11231,12728,25599,6403,4914,,
1716402925,5,-4657,2702,7374,9742,10209,11633,23410,6475,4436,,
1716402927,3,-4587,156,2142,9883,10398,11823,23859,6484,4549,,
1716402929,8,-769,-241,4691,9143,9798,11273,22842,6688,4245,,
1716402931,6,-579,-275,6966,8533,9239,10687,21740,6787,3990,,
1716402933,7,-855,-2097,4745,9741,10492,12005,24512,6668,4611,,
1716402935,5,-167,2281,6569,9186,9935,11505,23424,6782,4278,,
1716402937,7,982,-1447,9847,8661,9399,10897,22240,6807,4047,,
1716402939,4,2460,2849,10386,8268,9068,10510,21578,6864,3935,,
1716402941,3,-150,344,8559,8685,9421,10895,22222,6790,4075,,
1716402943,6,880,1776,11240,7291,8169,9522,19770,7015,3557,,
1716402945,7,-5613,1169,7936,7601,8528,9946,20643,7029,3713,,
1716402947,5,-3946,-142,7667,7703,8638,10097,20906,7048,3743,,
1716402949,7,-3341,-1103,4717,7290,8251,9653,20089,7101,3591,,
1716402951,4,-1375,1414,6189,7679,8598,10072,20823,7055,3705,,
1716402953,3,-2900,3738,5568,7006,7955,9283,19407,7091,3487,,
1716402955,5,-5731,3043,9841,7465,8300,9708,20014,7005,3571,,
1716402957,6,-6040,2370,10280,7545,8383,9768,20132,6979,3632,,
1716402959,6,-2715,703,3972,7877,8684,10122,20811,6932,3740,,
1716402961,5,-683,-1082,7239,7527,8378,9815,20255,7018,3596,,
1716402963,7,2602,-573,10986,9679,10554,12253,25035,6848,4547,,
1716402965,5,-900,-1148,10029,8980,9872,11556,23644,6954,4208,,
1716402966,6,-1172,-682,5980,9248,10046,11672,23768,6835,4310,,
1716402968,4,-2378,4260,9362,7493,8441,9914,20567,7101,3634,,
1716402970,10,-2711,671,11306,7175,8077,9474,19640,7092,3484,,
1716402972,7,-4311,989,4642,8404,9324,10961,22523,7031,3965,,
1716402974,6,317,-1073,7949,7698,8673,10230,21169,7137,3702,,
1716402976,6,-2325,-175,9445,7806,8751,10320,21262,7117,3724,,
1716402978,5,-2508,-2044,9009,6694,7664,9011,18854,7190,3328,,
1716402980,5,-1903,896,6102,6847,7876,9308,19441,7260,3395,,
1716402982,3,641,2278,13052,6832,7861,9309,19407,7282,3376,,
1716402984,5,-4034,867,10920,6328,7384,8668,18430,7249,3256,,
1716402986,3,-1916,-366,5340,7257,8108,9507,19661,7043,3483,,
1716402988,5,1227,-970,13255,7829,8553,9963,20386,6877,3666,,
1716402990,6,-2625,-744,6344,8515,9260,10751,21995,6823,3982,,
1716402992,5,-875,715,6991,7933,8748,10232,21039,6954,3743,,
1716402994,6,-3889,-2509,10856,7430,8291,9726,20100,7039,3555,,
1716402996,7,-3704,1447,8650,7762,8601,10088,20759,7003,3672,,
1716402998,3,-1536,408,4671,7334,8188,9606,19818,7051,3511,,
1716403000,6,200,0,9584,8520,9332,10902,22313,6913,3983,,
1716403002,4,-1502,-174,3116,9050,9799,11419,23297,6822,4170,,
1716403004,6,-388,4531,10420,7400,8293,9791,20167,7122,3520,,
1716403006,6,-4783,270,8250,6921,7844,9249,19189,7168,3364,,
1716403008,6,-1635,138,4259,7263,8182,9674,19995,7155,3475,,
1716403010,5,923,503,12629,7123,8072,9542,19799,7181,3444,,
1716403012,4,-2572,-258,4867,8561,9512,11258,23182,7073,3994,,
1716403014,5,-1912,2725,7834,7287,8282,9833,20433,7220,3509,,
1716403016,6,-4458,500,6280,7027,8056,9563,19945,7266,3434,,
1716403018,5,1511,-1355,10638,6972,7989,9511,19796,7288,3384,,
1716403020,6,-3582,-312,7616,7185,8196,9785,20288,7288,3441,,
1716403022,6,-185,727,8913,6995,7950,9509,19625,7291,3317,,
1716403024,5,-931,-2455,11428,6985,8057,9614,20092,7330,3412,,
1716403026,5,1573,-2772,9038,7597,8789,10449,21922,7314,3758,,
1716403028,5,-1162,1125,7660,8236,9288,10893,22587,7103,4013,,
1716403030,7,-156,2684,8593,7671,8764,10392,21718,7226,3736,,
1716403032,2,-4436,620,10821,6585,7559,8883,18665,7189,3291,,
1716403033,4,-1585,-913,4726,5876,6433,7378,15432,6727,2845,,
1716403035,0,-3490,2657,9146,5445,5343,5893,11719,5776,2352,,
1716403037,1,-1030,1153,9015,5417,5230,5791,11462,5687,2257,,
1716403039,4,-1874,-643,4688,7701,8021,9121,18755,6362,3484,,
1716403041,4,-497,-626,10506,8204,8630,9867,20334,6462,3736,,
1716403043,6,-2631,38,5915,7671,8118,9246,19099,6476,3555,,
1716403045,4,-4793,-1178,3215,4117,4527,5172,10851,6726,2023,,
1716403047,10,2901,-4191,8786,2504,2722,3084,6533,6568,1226,,
1716403049,6,267,-1590,7169,5133,5700,6493,13536,6801,2577,,
1716403051,0,1001,826,5640,4021,4525,5166,10996,6839,2055,,
1716403053,1,3831,1029,9708,4454,4978,5705,11975,6860,2235,,
1716403055,8,1044,266,7289,5562,6209,7093,15141,6777,2802,,
1716403057,3,3523,-396,9450,4573,4991,5634,11692,6634,2269,,
1716403059,7,535,-576,6603,8198,9262,10450,22761,6726,4308,,
1716403061,3,-486,-1097,5940,8479,9756,11302,24225,7048,4373,,
1716403063,2,-221,-308,5321,7710,8863,10330,22181,7067,3925,,
1716403065,7,-620,88,5405,6865,7828,9123,19547,7019,3449,,
1716403067,3,-1753,-798,6611,6283,6977,8124,17215,6871,3026,,
1716403069,7,-1693,-67,4712,5858,6702,7886,16419,7210,2904,,
1716403071,8,-927,148,4975,8355,9532,11085,23639,7029,4219,,
1716403073,14,104,1714,6903,8752,10002,11615,24671,7048,4444,,
1716403075,4,1534,2694,6856,8772,10082,11711,24901,7086,4493,,
1716403077,8,4457,3305,9415,8956,10258,11804,25305,6979,4643,,
1716403079,8,3084,3467,11067,9004,10237,11804,25072,6973,4595,,
1716403081,7,-30,2095,10254,9047,10235,11830,24934,6980,4558,,
1716403083,4,-1242,1419,6852,8687,9951,11479,24436,7020,4484,,
1716403085,9,1489,1045,6768,8702,9936,11487,24317,7031,4450,,
1716403087,7,2679,-892,8364,8731,9949,11464,24313,6991,4477,,
1716403089,7,-486,-240,11128,9395,10571,12016,25442,6831,4840,,
1716403091,5,-2554,2100,5371,9217,10421,11818,25234,6823,4806,,
1716403093,5,2091,1798,11562,8450,9504,11003,22931,6990,4204,,
1716403095,6,-1247,1841,6946,7749,8605,9960,20596,6923,3776,,
1716403097,6,-418,2565,4362,8315,9283,10732,22293,6939,4097,,
1716403099,7,4586,367,13117,8310,9631,10896,23869,6892,4528,,
1716403101,6,-3,1834,7428,8107,9476,10781,23595,6981,4433,,
1716403103,6,4934,4062,7901,7730,8845,10050,22054,6824,4095,,
1716403104,5,-108,743,7597,6316,7303,8303,17974,6944,3399,,
1716403106,8,1237,2467,6933,5654,6473,7377,16049,6872,2981,,
1716403108,8,1718,562,6451,4820,5568,6392,13636,7045,2545,,
1716403110,3,-413,1111,5932,3981,4625,5302,11204,7115,2126,,
1716403112,3,-211,3971,10637,4304,4896,5585,11716,6962,2242,,
1716403114,4,-849,1588,6901,4837,5368,6074,12610,6770,2456,,
1716403116,1,-409,171,6177,3606,3908,4378,9135,6521,1793,,
1716403118,5,-5,243,8713,4988,5326,5858,12280,6290,2499,,
1716403120,4,-1983,114,7052,6645,7082,7734,16295,6222,3360,,
1716403122,2,-667,3645,9222,4125,4419,5012,10148,6596,1967,,
1716403124,4,584,1244,8829,4129,4610,5218,10874,6804,2116,,
1716403126,4,1084,55,8131,3508,4124,4704,10138,7092,1927,,
